Arrival_Date,Modal_Price
2001-01-31,253.33333333333334
2001-02-28,350.0
2001-03-31,260.15384615384613
2001-04-30,336.77777777777777
2001-05-31,280.07142857142856
2001-06-30,306.6551724137931
2001-07-31,497.0943396226415
2001-08-31,616.8202247191011
2001-09-30,608.3173076923077
2001-10-31,499.7802197802198
2001-11-30,576.1904761904761
2001-12-31,417.4776119402985
2002-01-31,336.25441696113074
2002-02-28,313.72222222222223
2002-03-31,306.8035294117647
2002-04-30,288.4217543859649
2002-05-31,305.7375
2002-06-30,359.5264293419633
2002-07-31,418.348167539267
2002-08-31,489.0422535211268
2002-09-30,516.5775723472669
2002-10-31,590.05587808418
2002-11-30,557.4076723016905
2002-12-31,394.5662170447578
2003-01-31,335.027268853856
2003-02-28,296.16754138070246
2003-03-31,316.6179408374952
2003-04-30,375.40688775510205
2003-05-31,392.0068821527993
2003-06-30,444.7683465286236
2003-07-31,534.3873257614869
2003-08-31,575.741136747327
2003-09-30,622.0282796543598
2003-10-31,810.6823856799037
2003-11-30,742.2757030541276
2003-12-31,704.726380712083
2004-01-31,797.9290676826536
2004-02-29,799.7379287379288
2004-03-31,617.3384546539379
2004-04-30,473.2321094042713
2004-05-31,414.5843653250774
2004-06-30,420.5610307414105
2004-07-31,441.1110774818402
2004-08-31,515.3992967651195
2004-09-30,526.1979136896256
2004-10-31,554.1208888888889
2004-11-30,546.0655820194565
2004-12-31,458.95994436717666
2005-01-31,445.6702362204724
2005-02-28,405.05361384458774
2005-03-31,408.1380200425144
2005-04-30,425.188995958968
2005-05-31,392.4913793103448
2005-06-30,387.6744245524297
2005-07-31,451.84369070208726
2005-08-31,588.8094006037085
2005-09-30,916.8596917666529
2005-10-31,1115.8899978764068
2005-11-30,1197.8004545454546
2005-12-31,870.8004436557231
2006-01-31,583.9967344345616
2006-02-28,470.40382305844673
2006-03-31,441.0794755877034
2006-04-30,419.73914815569594
2006-05-31,382.02237669015426
2006-06-30,406.92275536168665
2006-07-31,468.26960859554873
2006-08-31,499.1934658235471
2006-09-30,519.8925375654229
2006-10-31,531.2754107756973
2006-11-30,541.0344573429151
2006-12-31,616.1715889464595
2007-01-31,878.0872333895965
2007-02-28,1061.8197023047376
2007-03-31,853.7271964185786
2007-04-30,673.6322566564819
2007-05-31,564.017608217168
2007-06-30,655.7363449691992
2007-07-31,869.3396749900911
2007-08-31,1059.5540029289725
2007-09-30,1320.4911000128056
2007-10-31,1400.821460833656
2007-11-30,1022.1420803123257
2007-12-31,679.7313664596273
2008-01-31,543.9344021539591
2008-02-29,471.25604313871327
2008-03-31,480.81361315232283
2008-04-30,497.48027901077995
2008-05-31,458.84566086547505
2008-06-30,477.7743316135084
2008-07-31,601.4112928928079
2008-08-31,799.1954667316597
2008-09-30,810.834907860975
2008-10-31,792.274024906015
2008-11-30,955.7647126969416
2008-12-31,1095.3310254062715
2009-01-31,1268.1652666734137
2009-02-28,1136.5242973610814
2009-03-31,1052.7904910618136
2009-04-30,788.4623880944076
2009-05-31,691.931173380035
2009-06-30,751.1126078843014
2009-07-31,826.9440934933671
2009-08-31,858.9892062064313
2009-09-30,887.552017339113
2009-10-31,1431.748925886144
2009-11-30,1478.0907965554359
2009-12-31,1469.8256589228045
2010-01-31,1395.7978504122498
2010-02-28,1281.9670757258307
2010-03-31,947.306360920752
2010-04-30,728.0466440179965
2010-05-31,644.5245443721952
2010-06-30,672.3315583469871
2010-07-31,781.8662092624356
2010-08-31,896.5858384643245
2010-09-30,1212.1271812390362
2010-10-31,1504.9453418482344
2010-11-30,1789.0609293976866
2010-12-31,2405.6493908334946
2011-01-31,2930.38195467944
2011-02-28,1375.6138896827665
2011-03-31,854.2258763257234
2011-04-30,678.7456237331859
2011-05-31,637.50722686058
2011-06-30,695.2700300672091
2011-07-31,868.8426480657309
2011-08-31,1097.5032922141772
2011-09-30,1253.6400869880392
2011-10-31,1237.996135721018
2011-11-30,1128.999232278427
2011-12-31,891.8783829787234
2012-01-31,743.8804749077123
2012-02-29,692.5785995358692
2012-03-31,705.4829145291714
2012-04-30,709.0506022996897
2012-05-31,683.7202937833348
2012-06-30,723.0625672283973
2012-07-31,817.6891028371815
2012-08-31,864.3801248523705
2012-09-30,846.3920328261241
2012-10-31,939.1174628034456
2012-11-30,1198.2788783355948
2012-12-31,1333.021094884277
2013-01-31,1413.6364412568305
2013-02-28,1713.767018565708
2013-03-31,1339.6651796986785
2013-04-30,1200.6458368590286
2013-05-31,1099.8502223634052
2013-06-30,1292.078841247634
2013-07-31,2049.603306432657
2013-08-31,3548.016926726891
2013-09-30,4306.645299543464
2013-10-31,4300.840756167895
2013-11-30,3831.834360788277
2013-12-31,2030.1648292065788
2014-01-31,1414.5691030703522
2014-02-28,1171.2170600260174
2014-03-31,1154.8732956434985
2014-04-30,1136.620121308017
2014-05-31,1190.9123804813717
2014-06-30,1404.840775207035
2014-07-31,2066.144071875501
2014-08-31,2081.2056557520573
2014-09-30,1908.797098572914
2014-10-31,1853.3684838472834
2014-11-30,1854.7389304197816
2014-12-31,1805.557341598789
2015-01-31,1673.8066620160446
2015-02-28,1694.6157142857144
2015-03-31,1663.6534774774775
2015-04-30,1451.5025418660287
2015-05-31,1471.875162361091
2015-06-30,1826.850610602276
2015-07-31,2127.7412283823214
2015-08-31,3520.6768632237395
2015-09-30,4233.031622820435
2015-10-31,3415.7403710049916
2015-11-30,2680.9110816457733
2015-12-31,1837.2682330962132
2016-01-31,1526.6772210267445
2016-02-29,1275.1594360086767
2016-03-31,1126.1579519850827
2016-04-30,1088.0519402265606
2016-05-31,1048.7903248195446
2016-06-30,1087.1609293706792
2016-07-31,1165.1136154553817
2016-08-31,1128.8317418758663
2016-09-30,1054.242590462709
2016-10-31,1043.4468606932635
2016-11-30,1137.7798443579766
2016-12-31,1090.006101190476
2017-01-31,1052.891973048191
2017-02-28,1032.729232259627
2017-03-31,1048.6023373117364
2017-04-30,1058.3580620741861
2017-05-31,1085.6046942099808
2017-06-30,1187.9212249054408
2017-07-31,1190.2426726920594
2017-08-31,2090.1238323655643
2017-09-30,1956.2964817499012
2017-10-31,2340.225127992251
2017-11-30,2982.7390966831335
2017-12-31,3254.383982202447
2018-01-31,3214.431790846363
2018-02-28,2377.1864360429345
2018-03-31,1558.9512825360812
2018-04-30,1161.7032439476031
2018-05-31,1054.3630504833513
2018-06-30,1203.3071138617156
2018-07-31,1619.6834794853742
2018-08-31,1549.905598174095
2018-09-30,1359.0784638938505
2018-10-31,1471.2939432176656
2018-11-30,1507.1603651474895
2018-12-31,1152.9109299516908
2019-01-31,1049.2777343044604
2019-02-28,959.6657398212512
2019-03-31,959.356736644685
2019-04-30,980.7198357548957
2019-05-31,1120.2217632552404
2019-06-30,1326.4629100019272
2019-07-31,1537.8506903958269
2019-08-31,1881.1434332921356
2019-09-30,2864.2279014252617
2019-10-31,3418.8878050510784
2019-11-30,4294.761065749893
2019-12-31,5659.18199466149
2020-01-31,4501.828104530097
2020-02-29,2670.7531650310884
2020-03-31,2195.471175257732
2020-04-30,1780.285227664712
2020-05-31,1241.516937566459
2020-06-30,1204.3201170604812
2020-07-31,1292.108843537415
2020-08-31,1398.378547416152
2020-09-30,2280.6161487899612
2020-10-31,3704.4408150321096
2020-11-30,4174.008974160606
2020-12-31,2933.588395045373
2021-01-31,2745.836459317231
2021-02-28,3255.5627463627893
2021-03-31,2252.493790807835
2021-04-30,1530.0792298883482
2021-05-31,1641.0153400641777
2021-06-30,2011.2960424028267
2021-07-31,2160.990240596408
2021-08-31,2075.61852367688
2021-09-30,1958.3528545612744
2021-10-31,2741.5825610783486
2021-11-30,2636.398960780127
2021-12-31,2297.7183220769566
2022-01-31,2401.023417684186
2022-02-28,2459.5306983189735
2022-03-31,2045.713917387334
2022-04-30,1490.4274920320915
2022-05-31,1375.9442367342417
2022-06-30,1482.7890834401585
2022-07-31,1623.6684860672221
2022-08-31,1657.169471851422
2022-09-30,1639.5934085301374
2022-10-31,1898.7703858698997
2022-11-30,2114.8892842559644
2022-12-31,1866.7928829580205
2023-01-31,1819.9446673161785
2023-02-28,1547.571385668809
2023-03-31,1367.6514410325926
2023-04-30,1290.1131009615385
2023-05-31,1338.1381243547091
2023-06-30,1469.1651155552995
2023-07-31,1750.2986988463526
2023-08-31,2117.2934244250687
2023-09-30,2331.4781926544447
2023-10-31,2828.2461606082206
2023-11-30,4089.9181550121
2023-12-31,3160.386544306757
2024-01-31,2220.8876552841625
2024-02-29,1854.4338344011828
2024-03-31,1951.203478523896
2024-04-30,1896.2872372726083
2024-05-31,1916.8753848288109
2024-06-30,2203.6739800601363
2024-07-31,3487.9840022151775
2024-08-31,3957.5781856946865
2024-09-30,4492.432254707445
2024-10-31,4785.466724258611
2024-11-30,5076.423157317885
2024-12-31,38154.079809265306
2025-01-31,3965.352358043879
2025-02-28,3547.349007878171
2025-03-31,2980.3657124645893
2025-04-30,2392.7979991490265
2025-05-31,2368.0614428184654
2025-06-30,2638.953470856934
2025-07-31,2595.614503621491
2025-08-31,2431.6045634757984
2025-09-30,2361.8139153808274
2025-10-31,2386.435798265526
2025-11-30,2609.786943620178
2025-12-31,3107.862929343102
2026-01-31,2930.2102754285715
2026-02-28,2452.6592469879515
